amenity_name,n_properties,amenity_norm,matched_amenity_norm,similarity_score,estimated_cost,min_price,max_price,n_products,match_confidence
kitchen,1817149,kitchen,kitchen,1.0000001192092896,455.0,305.0,705.0,7.0,HIGH
smoke alarm,1718954,smoke alarm,alarm clock,0.614111065864563,25.0,25.0,25.0,1.0,MANUAL_SAFETY
wifi,1715041,wifi,sonos wifi bookshelf speaker,0.4769666790962219,0.0,0.0,0.0,1.0,MANUAL_CONNECTIVITY
hot water,1650531,hot water,sink,0.43595096468925476,0.0,0.0,0.0,1.0,MANUAL_UTILITIES
essentials,1643562,essentials,starter kit,0.36616694927215576,,,,,NO_MATCH
carbon monoxide alarm,1572086,carbon monoxide alarm,alarm clock,0.517511248588562,25.0,25.0,25.0,1.0,MANUAL_SAFETY
hair dryer,1354661,hair dryer,laundry bag,0.44254711270332336,800.0,800.0,800.0,1.0,MANUAL_APPLIANCES_LARGE
hangers,1346194,hangers,hanger,0.9379004836082458,17.99,2.49,17.99,15.0,HIGH
cooking basics,1313916,cooking basics,baking dish,0.5719279050827026,,,,,NO_MATCH
dishes and silverware,1307650,dishes and silverware,piece dinnerware set,0.6917234063148499,64.99,4.99,149.99,26.0,MEDIUM
air conditioning,1303872,air conditioning,air purifier,0.6366308927536011,0.0,0.0,0.0,1.0,MANUAL_UTILITIES
tv,1253660,tv,tv unit,0.7361881136894226,179.99,24.99,449.99,37.0,MEDIUM
heating,1213794,heating,microwave oven,0.4686295688152313,0.0,0.0,0.0,1.0,MANUAL_UTILITIES
microwave,1213384,microwave,microwave oven,0.8717368245124817,69.99,69.99,199.0,6.0,HIGH
refrigerator,1206517,refrigerator,refrigerator,1.0,124.99,124.99,124.99,3.0,HIGH
iron,1184955,iron,tabletop ironing board,0.5283434987068176,,,,,NO_MATCH
bed linens,1181124,bed linens,bed frame,0.6593390107154846,249.0,59.0,499.0,44.0,MEDIUM
free parking on premises,1180600,free parking on premises,outdoor kitchen,0.24030598998069763,,,,,NO_MATCH
washer,1110493,washer,washcloth,0.6302421689033508,800.0,800.0,800.0,1.0,MANUAL_APPLIANCES_LARGE
exterior security cameras on property,1100142,exterior security cameras on property,privacy screen,0.32070818543434143,25.0,25.0,25.0,1.0,MANUAL_SAFETY
shampoo,1014520,shampoo,bath towel,0.5118895769119263,30.0,30.0,30.0,1.0,MANUAL_BATHROOM_BASIC
fire extinguisher,1011172,fire extinguisher,air purifier,0.39703118801116943,25.0,25.0,25.0,1.0,MANUAL_SAFETY
dryer,993752,dryer,drying rack,0.6102484464645386,800.0,800.0,800.0,1.0,MANUAL_APPLIANCES_LARGE
private entrance,963743,private entrance,door,0.4991450011730194,,,,,NO_MATCH
self check-in,947668,self check in,selfwatering insert,0.38390564918518066,,,,,NO_MATCH
dining table,945771,dining table,dining table,1.0,449.99,399.99,649.99,7.0,HIGH
dedicated workspace,881576,dedicated workspace,desk and storage combination,0.40125319361686707,0.0,0.0,0.0,1.0,MANUAL_UTILITIES
freezer,842564,freezer,refrigerator,0.6440427899360657,800.0,800.0,800.0,1.0,MANUAL_APPLIANCES_LARGE
extra pillows and blankets,840923,extra pillows and blankets,duvet cover and pillowcases,0.6282100677490234,40.0,40.0,40.0,1.0,MANUAL_BEDROOM_BASIC
wine glasses,817184,wine glasses,wine glass,0.8937084674835205,11.49,1.49,24.99,12.0,HIGH
toaster,801263,toaster,rye crispbread,0.4634719491004944,80.0,80.0,80.0,1.0,MANUAL_KITCHEN_SMALL
first aid kit,800712,first aid kit,starter kit,0.5216737389564514,25.0,25.0,25.0,1.0,MANUAL_SAFETY
cleaning products,788589,cleaning products,cleaning cloth,0.6992324590682983,1.99,1.99,1.99,3.0,MEDIUM
oven,786061,oven,microwave oven,0.7822546362876892,69.99,69.99,199.0,6.0,MEDIUM
dishwasher,742777,dishwasher,builtin dishwasher,0.8725676536560059,649.0,399.0,799.0,4.0,HIGH
hot water kettle,732600,hot water kettle,teapot,0.5054135918617249,0.0,0.0,0.0,1.0,MANUAL_UTILITIES
coffee maker,691200,coffee maker,carafe,0.6687610149383545,2.99,2.99,24.99,5.0,MEDIUM
outdoor furniture,683803,outdoor furniture,cover for outdoor furniture,0.7898164391517639,54.99,39.99,89.99,4.0,MEDIUM
outdoor dining area,682577,outdoor dining area,outdoor kitchen,0.7193161249160767,687.0,370.0,819.0,4.0,MEDIUM
body soap,633588,body soap,bath towel,0.5402247905731201,30.0,30.0,30.0,1.0,MANUAL_BATHROOM_BASIC
shower gel,596171,shower gel,bath towel,0.6271283626556396,,,,,NO_MATCH
room-darkening shades,594883,room darkening shades,room darkening curtains,0.8551322221755981,49.99,19.99,89.99,20.0,HIGH
coffee,587907,coffee,coffee table,0.6848642826080322,159.99,29.99,449.99,36.0,MEDIUM
stove,565995,stove,gas cooktop,0.6576922535896301,599.0,399.0,849.0,4.0,MEDIUM
pets allowed,560210,pets allowed,dog bed,0.42728787660598755,,,,,NO_MATCH
baking sheet,559319,baking sheet,baking dish,0.658794641494751,14.99,14.99,29.99,5.0,MEDIUM
bbq grill,558424,bbq grill,charcoal grill,0.8052783608436584,699.0,399.0,799.0,4.0,HIGH
free street parking,523740,free street parking,utility cart,0.2519932985305786,,,,,NO_MATCH
private patio or balcony,523543,private patio or balcony,outdoor kitchen,0.45887595415115356,250.0,250.0,250.0,1.0,MANUAL_OUTDOOR
bathtub,512165,bathtub,bathrobe,0.6889340281486511,39.99,29.99,49.99,7.0,MEDIUM
drying rack for clothing,479908,drying rack for clothing,drying rack,0.9018732905387878,39.99,9.99,39.99,5.0,HIGH
long-term stays allowed,475952,long term stays allowed,chair with long cover,0.2667163908481598,,,,,NO_MATCH
lockbox,402228,lockbox,box with lidclip lock,0.6693277359008789,24.49,10.99,39.99,4.0,MEDIUM
conditioner,391380,conditioner,air purifier,0.36923202872276306,30.0,30.0,30.0,1.0,MANUAL_BATHROOM_BASIC
blender,390921,blender,drawer unit,0.4274759888648987,80.0,80.0,80.0,1.0,MANUAL_KITCHEN_SMALL
long term stays allowed,381243,long term stays allowed,chair with long cover,0.2667163908481598,,,,,NO_MATCH
books and reading material,363008,books and reading material,bookcase,0.46406319737434387,,,,,NO_MATCH
ceiling fan,354381,ceiling fan,led ceiling fan with light,0.6581354141235352,119.99,44.99,169.99,4.0,MEDIUM
barbecue utensils,353352,barbecue utensils,piece kitchen utensil set,0.6081408262252808,,,,,NO_MATCH
host greets you,328532,host greets you,whisk,0.3189013600349426,,,,,NO_MATCH
single level home,323900,single level home,cat house,0.49351030588150024,,,,,NO_MATCH
central heating,322716,central heating,greenhouse,0.4081661105155945,0.0,0.0,0.0,1.0,MANUAL_UTILITIES
free washer – in unit,321766,free washer in unit,washcloth,0.4921093285083771,800.0,800.0,800.0,1.0,MANUAL_APPLIANCES_LARGE
patio or balcony,319224,patio or balcony,greenhouse,0.48698097467422485,250.0,250.0,250.0,1.0,MANUAL_OUTDOOR
clothing storage,307356,clothing storage,storage bag,0.6653523445129395,4.99,2.99,24.99,10.0,MEDIUM
board games,301141,board games,pegboard,0.5684055089950562,,,,,NO_MATCH
laundromat nearby,295563,laundromat nearby,laundry combination,0.5592969655990601,,,,,NO_MATCH
portable fans,295178,portable fans,cooler bag,0.42358747124671936,,,,,NO_MATCH
elevator,273621,elevator,door,0.4779048264026642,,,,,NO_MATCH
free dryer – in unit,265531,free dryer in unit,drying rack,0.46963217854499817,800.0,800.0,800.0,1.0,MANUAL_APPLIANCES_LARGE
backyard,262904,backyard,outdoor kitchen,0.46715131402015686,0.0,0.0,0.0,1.0,MANUAL_UTILITIES
keypad,254364,keypad,desk pad,0.5329412817955017,,,,,NO_MATCH
luggage drop-off allowed,249576,luggage drop off allowed,bag,0.38927242159843445,,,,,NO_MATCH
ethernet connection,229435,ethernet connection,plug,0.37285029888153076,,,,,NO_MATCH
beach access – beachfront,217310,beach access beachfront,kitchen island,0.37702393531799316,0.0,0.0,0.0,1.0,MANUAL_UTILITIES
indoor fireplace,215488,indoor fireplace,hallway furniture,0.43397629261016846,0.0,0.0,0.0,1.0,MANUAL_UTILITIES
luggage dropoff allowed,215225,luggage dropoff allowed,bag,0.37662336230278015,,,,,NO_MATCH
fire pit,214884,fire pit,gas grill,0.41575533151626587,,,,,NO_MATCH
pool,213172,pool,basket,0.4652230441570282,,,,,NO_MATCH
central air conditioning,213021,central air conditioning,air purifier,0.5675801038742065,0.0,0.0,0.0,1.0,MANUAL_UTILITIES
clothing storage: closet,199982,clothing storage closet,laundry bag,0.6212582588195801,,,,,NO_MATCH
mini fridge,198303,mini fridge,refrigerator,0.757940411567688,124.99,124.99,124.99,3.0,MEDIUM
cleaning available during stay,197785,cleaning available during stay,cleaning cloth,0.5940606594085693,,,,,NO_MATCH
crib,190575,crib,crib,0.9999998211860657,299.0,129.0,349.0,11.0,HIGH
high chair,185225,high chair,chair,0.7891637086868286,80.0,15.0,399.99,68.0,MEDIUM
waterfront,183422,waterfront,umbrella,0.4251301884651184,,,,,NO_MATCH
garden view,181609,garden view,picture ledge,0.5009451508522034,250.0,250.0,250.0,1.0,MANUAL_OUTDOOR
sun loungers,180048,sun loungers,lounge chair,0.7061108350753784,160.0,79.99,210.0,8.0,MEDIUM
outdoor shower,174540,outdoor shower,shower curtain,0.6643118262290955,8.99,1.99,19.99,10.0,MEDIUM
smart lock,173062,smart lock,box with lidclip lock,0.4799312949180603,25.0,25.0,25.0,1.0,MANUAL_SAFETY
bidet,172512,bidet,bathrobe,0.4681859314441681,,,,,NO_MATCH
smoking allowed,169109,smoking allowed,charcoal grill,0.3459307551383972,,,,,NO_MATCH
pack ’n play/travel crib,168271,pack n play travel crib,crib,0.6889318823814392,299.0,129.0,349.0,11.0,MEDIUM
dishes and cutlery,165683,dishes and cutlery,piece dinnerware set,0.5974975228309631,,,,,NO_MATCH
private backyard – fully fenced,163886,private backyard fully fenced,privacy screen,0.28661999106407166,0.0,0.0,0.0,1.0,MANUAL_UTILITIES
mountain view,163478,mountain view,picture ledge,0.44994738698005676,,,,,NO_MATCH
lock on bedroom door,160736,lock on bedroom door,door,0.5603030920028687,25.0,25.0,25.0,1.0,MANUAL_SAFETY
bed linen,146793,bed linen,bed frame,0.6810983419418335,249.0,59.0,499.0,44.0,MEDIUM
children’s books and toys,146735,children s books and toys,childrens table,0.4968555271625519,,,,,NO_MATCH
children’s dinnerware,144340,children s dinnerware,piece dinnerware set,0.7649773955345154,64.99,4.99,149.99,26.0,MEDIUM
tv with standard cable,143346,tv with standard cable,tv unit,0.5046620965003967,350.0,350.0,350.0,1.0,MANUAL_ELECTRONICS
fridge,137476,fridge,refrigerator,0.9643974900245667,124.99,124.99,124.99,3.0,HIGH
coffee maker: drip coffee maker,136546,coffee maker drip coffee maker,coffeetea canister,0.502747654914856,80.0,80.0,80.0,1.0,MANUAL_KITCHEN_SMALL
washing machine,136333,washing machine,washing bag,0.6906577944755554,1.99,1.99,1.99,5.0,MEDIUM
safe,132834,safe,picture,0.3234124183654785,,,,,NO_MATCH
building staff,115528,building staff,shelving unit,0.4442417323589325,,,,,NO_MATCH
electric stove,109603,electric stove,portable induction cooktop,0.5372647643089294,800.0,800.0,800.0,1.0,MANUAL_APPLIANCES_LARGE
clothing storage: closet and dresser,108880,clothing storage closet and dresser,drawer dresser,0.6526656150817871,279.99,59.99,599.99,77.0,MEDIUM
mosquito net,108051,mosquito net,oven mitt,0.36198586225509644,,,,,NO_MATCH
exercise equipment,107383,exercise equipment,armrest,0.439622700214386,,,,,NO_MATCH
lake access,107285,lake access,basket,0.30318254232406616,0.0,0.0,0.0,1.0,MANUAL_UTILITIES
beach essentials,105285,beach essentials,lunch bag,0.3884184956550598,0.0,0.0,0.0,1.0,MANUAL_UTILITIES
hammock,102466,hammock,bag,0.4231838881969452,,,,,NO_MATCH
city skyline view,101194,city skyline view,picture ledge,0.37325745820999146,,,,,NO_MATCH
stainless steel oven,95212,stainless steel oven,microwave oven,0.6794445514678955,69.99,69.99,199.0,6.0,MEDIUM
hot tub,92016,hot tub,bath faucet,0.5278384685516357,,,,,NO_MATCH
shared beach access,89747,shared beach access,privacy screen,0.272211492061615,0.0,0.0,0.0,1.0,MANUAL_UTILITIES
clothing storage: wardrobe,89357,clothing storage wardrobe,wardrobe,0.7183738946914673,349.99,199.99,549.99,14.0,MEDIUM
paid parking on premises,88147,paid parking on premises,utility cart,0.23525932431221008,,,,,NO_MATCH
gym,86214,gym,bench,0.4752267003059387,,,,,NO_MATCH
outdoor playground,83871,outdoor playground,outdoor kitchen,0.39221230149269104,,,,,NO_MATCH
private backyard – not fully fenced,83352,private backyard not fully fenced,hanging decoration,0.25503215193748474,0.0,0.0,0.0,1.0,MANUAL_UTILITIES
kettle,83145,kettle,teapot,0.6342976093292236,80.0,80.0,80.0,1.0,MANUAL_KITCHEN_SMALL
courtyard view,79652,courtyard view,picture ledge,0.5221401453018188,,,,,NO_MATCH
sea view,76588,sea view,picture ledge,0.38218453526496887,,,,,NO_MATCH
beach view,75834,beach view,picture ledge,0.40450620651245117,0.0,0.0,0.0,1.0,MANUAL_UTILITIES
gas stove,75830,gas stove,gas cooktop,0.7967737317085266,599.0,399.0,849.0,4.0,MEDIUM
breakfast,75205,breakfast,lunch bag,0.5103431344032288,,,,,NO_MATCH
coffee maker: nespresso,74460,coffee maker nespresso,coffeetea canister,0.5301235914230347,80.0,80.0,80.0,1.0,MANUAL_KITCHEN_SMALL
shared pool,72895,shared pool,basket,0.2983802855014801,,,,,NO_MATCH
ac – split-type ductless system,72023,ac split type ductless system,air purifieradditional gas filter,0.4319816827774048,0.0,0.0,0.0,1.0,MANUAL_UTILITIES
coffee maker: keurig coffee machine,71481,coffee maker keurig coffee machine,coffeetea canister,0.4930402934551239,0.0,0.0,0.0,1.0,MANUAL_UTILITIES
radiant heating,69276,radiant heating,greenhouse,0.4174116849899292,0.0,0.0,0.0,1.0,MANUAL_UTILITIES
shared patio or balcony,68903,shared patio or balcony,outdoor kitchen,0.4162573516368866,250.0,250.0,250.0,1.0,MANUAL_OUTDOOR
pool view,68404,pool view,picture ledge,0.3941323459148407,,,,,NO_MATCH
window guards,67740,window guards,curtains,0.5078748464584351,,,,,NO_MATCH
room-darkening blinds,67336,room darkening blinds,room darkening curtains,0.7757582664489746,49.99,19.99,89.99,20.0,MEDIUM
pool table,67030,pool table,table,0.6455038189888,,,,,NO_MATCH
indoor fireplace: wood-burning,65147,indoor fireplace wood burning,scented candle in glass,0.3489450216293335,0.0,0.0,0.0,1.0,MANUAL_UTILITIES
rice cooker,64952,rice cooker,plant pot,0.507277250289917,80.0,80.0,80.0,1.0,MANUAL_KITCHEN_SMALL
ac - split type ductless system,64861,ac split type ductless system,air purifieradditional gas filter,0.4319816827774048,0.0,0.0,0.0,1.0,MANUAL_UTILITIES
pocket wifi,64274,pocket wifi,sonos wifi bookshelf speaker,0.43051254749298096,0.0,0.0,0.0,1.0,MANUAL_CONNECTIVITY
ocean view,63862,ocean view,picture ledge,0.3643155097961426,,,,,NO_MATCH
babysitter recommendations,63669,babysitter recommendations,childrens table,0.34334245324134827,120.0,120.0,120.0,1.0,MANUAL_FAMILY
cooker,63640,cooker,gas cooktop,0.5840341448783875,,,,,NO_MATCH
paid parking off premises,62965,paid parking off premises,utility cart,0.2561061978340149,,,,,NO_MATCH
free on-street parking,62949,free on street parking,utility cart,0.26677605509757996,,,,,NO_MATCH
sound system,60683,sound system,acoustic screen,0.5260786414146423,350.0,350.0,350.0,1.0,MANUAL_ELECTRONICS
trash compactor,58336,trash compactor,trash can,0.675701916217804,14.99,1.99,19.99,12.0,MEDIUM
free washer – in building,57608,free washer in building,laundry combination,0.5079224109649658,800.0,800.0,800.0,1.0,MANUAL_APPLIANCES_LARGE
ping pong table,57095,ping pong table,table,0.5623959898948669,,,,,NO_MATCH
resort access,56669,resort access,finials,0.2948285639286041,0.0,0.0,0.0,1.0,MANUAL_UTILITIES
clothes drying rack,56430,clothes drying rack,drying rack,0.9191039204597473,39.99,9.99,39.99,5.0,HIGH
bikes,55653,bikes,shoe rack,0.42421823740005493,,,,,NO_MATCH
bath,55346,bath,bath towel,0.7464509010314941,11.99,2.99,16.99,28.0,MEDIUM
valley view,54028,valley view,picture ledge,0.3529650568962097,,,,,NO_MATCH
portable heater,53675,portable heater,portable induction cooktop,0.43322598934173584,,,,,NO_MATCH
window ac unit,53363,window ac unit,tv unit,0.551630973815918,0.0,0.0,0.0,1.0,MANUAL_UTILITIES
coffee maker: espresso machine,52393,coffee maker espresso machine,coffeetea canister,0.4910237491130829,0.0,0.0,0.0,1.0,MANUAL_UTILITIES
baby safety gates,52368,baby safety gates,baby blanket,0.4500875473022461,120.0,120.0,120.0,1.0,MANUAL_FAMILY
fireplace guards,52229,fireplace guards,charcoal grill,0.40481439232826233,0.0,0.0,0.0,1.0,MANUAL_UTILITIES
private hot tub,51156,private hot tub,bathrobe,0.4712951183319092,,,,,NO_MATCH
ev charger,49862,ev charger,wireless charger,0.5632879734039307,,,,,NO_MATCH
free dryer – in building,49378,free dryer in building,drying rack,0.47931188344955444,800.0,800.0,800.0,1.0,MANUAL_APPLIANCES_LARGE
outlet covers,48351,outlet covers,cover for corner section,0.4849412441253662,,,,,NO_MATCH
rice maker,47869,rice maker,kitchen,0.48358285427093506,,,,,NO_MATCH
bay view,47430,bay view,corner section,0.4070338308811188,,,,,NO_MATCH
private backyard,46166,private backyard,outdoor kitchen,0.43308404088020325,0.0,0.0,0.0,1.0,MANUAL_UTILITIES
single oven,45488,single oven,microwave oven,0.6480633616447449,800.0,800.0,800.0,1.0,MANUAL_APPLIANCES_LARGE
shared backyard – fully fenced,45270,shared backyard fully fenced,hanging decoration,0.2993205189704895,0.0,0.0,0.0,1.0,MANUAL_UTILITIES
lake view,43874,lake view,picture ledge,0.3886463940143585,,,,,NO_MATCH
induction stove,40794,induction stove,induction cooktop,0.814702033996582,799.0,599.0,899.0,4.0,HIGH
paid washer – in building,40668,paid washer in building,laundry combination,0.4964172840118408,800.0,800.0,800.0,1.0,MANUAL_APPLIANCES_LARGE
baby bath,40468,baby bath,bathrobe,0.6793063879013062,39.99,29.99,49.99,7.0,MEDIUM
heating – split-type ductless system,39418,heating split type ductless system,air purifieradditional gas filter,0.38269689679145813,0.0,0.0,0.0,1.0,MANUAL_UTILITIES
shared gym in building,39251,shared gym in building,bench with toy storage,0.30939966440200806,,,,,NO_MATCH
paid street parking off premises,36085,paid street parking off premises,outdoor kitchen,0.284915030002594,,,,,NO_MATCH
shared backyard – not fully fenced,35998,shared backyard not fully fenced,hanging decoration,0.2663792371749878,0.0,0.0,0.0,1.0,MANUAL_UTILITIES
private pool,35270,private pool,basket,0.3492969274520874,,,,,NO_MATCH
coffee maker: pour-over coffee,34731,coffee maker pour over coffee,coffeetea canister,0.5173478722572327,80.0,80.0,80.0,1.0,MANUAL_KITCHEN_SMALL
lift,34509,lift,suspension rail,0.42017853260040283,,,,,NO_MATCH
pack ’n play/travel crib – available upon request,34488,pack n play travel crib available upon request,crib,0.5827032923698425,0.0,0.0,0.0,1.0,MANUAL_UTILITIES
hdtv,34404,hdtv,tv unit,0.6839534044265747,179.99,24.99,449.99,37.0,MEDIUM
clothes storage: wardrobe,34369,clothes storage wardrobe,wardrobe,0.7128934264183044,349.99,199.99,549.99,14.0,MEDIUM
pack ’n play/travel crib - available upon request,34342,pack n play travel crib available upon request,crib,0.5827032923698425,0.0,0.0,0.0,1.0,MANUAL_UTILITIES
launderette nearby,33837,launderette nearby,laundry basket,0.5571269392967224,,,,,NO_MATCH
shared hot tub,33832,shared hot tub,bath faucet,0.4492582082748413,,,,,NO_MATCH
paid dryer – in building,33467,paid dryer in building,drying rack,0.44624051451683044,800.0,800.0,800.0,1.0,MANUAL_APPLIANCES_LARGE
stainless steel single oven,33460,stainless steel single oven,microwave oven,0.5852659940719604,800.0,800.0,800.0,1.0,MANUAL_APPLIANCES_LARGE
kayak,32135,kayak,leg,0.4045511782169342,,,,,NO_MATCH
heating - split type ductless system,31025,heating split type ductless system,air purifieradditional gas filter,0.38269689679145813,0.0,0.0,0.0,1.0,MANUAL_UTILITIES
garden,30797,garden,greenhouse,0.5308878421783447,250.0,250.0,250.0,1.0,MANUAL_OUTDOOR
park view,30571,park view,picture ledge,0.4842248857021332,,,,,NO_MATCH
children's playroom,29872,children s playroom,childrens table,0.6077495217323303,,,,,NO_MATCH
clothes storage,29729,clothes storage,storage bag,0.6925782561302185,4.99,2.99,24.99,10.0,MEDIUM
noise decibel monitors on property,28542,noise decibel monitors on property,acoustic screen,0.3925861716270447,,,,,NO_MATCH
kitchenette,28024,kitchenette,kitchenette,0.9999999403953552,386.5,149.0,876.0,8.0,HIGH
piano,27859,piano,desk,0.45855221152305603,,,,,NO_MATCH
bbq grill: gas,27775,bbq grill gas,gas grill,0.8552794456481934,599.0,59.99,599.0,3.0,HIGH
arcade games,27495,arcade games,gaming desk,0.46843990683555603,,,,,NO_MATCH
clothing storage: dresser,27334,clothing storage dresser,drawer dresser,0.7052127122879028,279.99,59.99,599.99,77.0,MEDIUM
river view,27329,river view,picture ledge,0.3883962631225586,,,,,NO_MATCH
shared beach access – beachfront,27223,shared beach access beachfront,corner kitchen,0.328402042388916,0.0,0.0,0.0,1.0,MANUAL_UTILITIES
outdoor kitchen,27163,outdoor kitchen,outdoor kitchen,1.000000238418579,687.0,370.0,819.0,4.0,HIGH
cot,26861,cot,container,0.4689754843711853,,,,,NO_MATCH
indoor fireplace: gas,26524,indoor fireplace gas,gas grill,0.47166961431503296,0.0,0.0,0.0,1.0,MANUAL_UTILITIES
bread maker,26339,bread maker,rye crispbread,0.5886793732643127,,,,,NO_MATCH
stainless steel gas stove,26162,stainless steel gas stove,gas cooktop,0.6363915205001831,800.0,800.0,800.0,1.0,MANUAL_APPLIANCES_LARGE
crib - available upon request,26148,crib available upon request,crib,0.7397720217704773,299.0,129.0,349.0,11.0,MEDIUM
free resort access,25848,free resort access,kitchen island with rack,0.25401997566223145,0.0,0.0,0.0,1.0,MANUAL_UTILITIES
"coffee maker: drip coffee maker, keurig coffee machine",25754,coffee maker drip coffee maker keurig coffee machine,coffeetea canister,0.47312021255493164,0.0,0.0,0.0,1.0,MANUAL_UTILITIES
pack ’n play/travel crib – always at the listing,25717,pack n play travel crib always at the listing,crib,0.6329149603843689,0.0,0.0,0.0,1.0,MANUAL_UTILITIES
clothing storage: walk-in closet,25261,clothing storage walk in closet,shoe organizer,0.5495521426200867,,,,,NO_MATCH
crib – available upon request,25240,crib available upon request,crib,0.7397720217704773,299.0,129.0,349.0,11.0,MEDIUM
paid parking lot off premises,24772,paid parking lot off premises,utility cart,0.24387769401073456,,,,,NO_MATCH
private living room,24462,private living room,bedroom furniture,0.5405504107475281,,,,,NO_MATCH
bluetooth sound system,24314,bluetooth sound system,bluetooth speaker,0.8020837306976318,79.99,31.98,159.98,20.0,HIGH
portable air conditioning,24181,portable air conditioning,air purifier,0.5634555816650391,0.0,0.0,0.0,1.0,MANUAL_UTILITIES
stainless steel electric stove,24052,stainless steel electric stove,induction cooktop,0.4985716640949249,800.0,800.0,800.0,1.0,MANUAL_APPLIANCES_LARGE
game console,23773,game console,console table,0.7061907649040222,129.99,129.99,299.99,3.0,MEDIUM
free driveway parking on premises,23654,free driveway parking on premises,utility cart,0.25252673029899597,,,,,NO_MATCH
bbq grill: charcoal,23651,bbq grill charcoal,charcoal grill,0.9310104250907898,699.0,399.0,799.0,4.0,HIGH
pack ’n play/travel crib - always at the listing,23405,pack n play travel crib always at the listing,crib,0.6329149603843689,0.0,0.0,0.0,1.0,MANUAL_UTILITIES
clothing storage: closet and wardrobe,22453,clothing storage closet and wardrobe,wardrobe,0.65804123878479,349.99,199.99,549.99,14.0,MEDIUM
changing table,22079,changing table,changing table,1.0000001192092896,164.0,39.0,589.0,14.0,HIGH
free dryer,21994,free dryer,drying rack,0.5099681615829468,800.0,800.0,800.0,1.0,MANUAL_APPLIANCES_LARGE
firepit,21893,firepit,air purifier,0.37580424547195435,,,,,NO_MATCH
private bbq grill: gas,21825,private bbq grill gas,gas grill,0.7381737232208252,599.0,59.99,599.0,3.0,MEDIUM
indoor fireplace: electric,21605,indoor fireplace electric,unscented block candle,0.39111828804016113,0.0,0.0,0.0,1.0,MANUAL_UTILITIES
travel cot,21408,travel cot,backpack,0.3897329866886139,,,,,NO_MATCH
free driveway parking on premises – 1 space,20863,free driveway parking on premises 1 space,storage combination with doors,0.2756419777870178,0.0,0.0,0.0,1.0,MANUAL_UTILITIES
rauchmelder,20641,rauchmelder,chaise,0.3860452473163605,,,,,NO_MATCH
grundausstattung,20641,grundausstattung,rug flatwoven,0.2853706181049347,,,,,NO_MATCH
kohlenmonoxidmelder,20641,kohlenmonoxidmelder,whisk,0.36312136054039,,,,,NO_MATCH
küche,20641,k che,chaise,0.34631818532943726,,,,,NO_MATCH
record player,20441,record player,pitcher,0.40788230299949646,,,,,NO_MATCH
private back garden – fully fenced,20305,private back garden fully fenced,kitchen island w back panel,0.30390042066574097,0.0,0.0,0.0,1.0,MANUAL_UTILITIES
shared sauna,19791,shared sauna,lounge chair,0.3138771057128906,,,,,NO_MATCH
warmwasser,19702,warmwasser,cooler bag,0.36441221833229065,,,,,NO_MATCH
shared backyard,19664,shared backyard,outdoor kitchen,0.39286008477211,0.0,0.0,0.0,1.0,MANUAL_UTILITIES
boat slip,19184,boat slip,slippers,0.5723631978034973,,,,,NO_MATCH
free driveway parking on premises – 2 spaces,19180,free driveway parking on premises 2 spaces,storage combination with doors,0.31927841901779175,0.0,0.0,0.0,1.0,MANUAL_UTILITIES
wlan,19172,wlan,wireless charger,0.4858996272087097,,,,,NO_MATCH
theme room,19081,theme room,bedroom furniture,0.5406822562217712,,,,,NO_MATCH
children’s tableware,18852,children s tableware,childrens table,0.7395594716072083,79.99,22.99,99.99,8.0,MEDIUM
shared gym nearby,18748,shared gym nearby,bench with backrest,0.31742063164711,,,,,NO_MATCH
tv with standard cable/satellite,18426,tv with standard cable satellite,tv unit,0.529870867729187,350.0,350.0,350.0,1.0,MANUAL_ELECTRONICS
clothing storage: wardrobe and dresser,17700,clothing storage wardrobe and dresser,wardrobe,0.6841177940368652,349.99,199.99,549.99,14.0,MEDIUM
wi-fi,17526,wi fi,sonos wifi bookshelf speaker,0.47109726071357727,,,,,NO_MATCH
clothing storage: walk-in closet and closet,17512,clothing storage walk in closet and closet,shoe organizer,0.5440725088119507,,,,,NO_MATCH
sauna,17507,sauna,lounge chair,0.41254478693008423,,,,,NO_MATCH
housekeeping - available at extra cost,17488,housekeeping available at extra cost,countertop for kitchen island,0.36753562092781067,,,,,NO_MATCH
resort view,17484,resort view,picture ledge,0.42320916056632996,,,,,NO_MATCH
geschirr und besteck,16778,geschirr und besteck,semihard cheese,0.3104751408100128,,,,,NO_MATCH
private bbq grill: charcoal,16354,private bbq grill charcoal,charcoal grill,0.8195688128471375,699.0,399.0,799.0,4.0,HIGH
other gas stove,16345,other gas stove,gas cooktop,0.7588920593261719,599.0,399.0,849.0,4.0,MEDIUM
other electric stove,16160,other electric stove,portable induction cooktop,0.5792708992958069,800.0,800.0,800.0,1.0,MANUAL_APPLIANCES_LARGE
"clothing storage: walk-in closet, closet and dresser",16129,clothing storage walk in closet closet and dresser,drawer dresser,0.5345684289932251,,,,,NO_MATCH
paid parking garage off premises,16080,paid parking garage off premises,bench with toy storage,0.2140284925699234,,,,,NO_MATCH
föhn,15860,f hn,picture,0.3784317076206207,,,,,NO_MATCH
klimaanlage,15834,klimaanlage,shoehorn,0.310445636510849,,,,,NO_MATCH
kleiderbügel,15597,kleiderb gel,plate,0.3445935547351837,,,,,NO_MATCH
ski-in/ski-out,15557,ski in ski out,slippers,0.27727875113487244,,,,,NO_MATCH
coffee maker: french press,15310,coffee maker french press,carafe,0.47247424721717834,80.0,80.0,80.0,1.0,MANUAL_KITCHEN_SMALL
other induction stove,15265,other induction stove,induction cooktop,0.7762450575828552,799.0,599.0,899.0,4.0,MEDIUM
heizung,15218,heizung,pouffe,0.3426226079463959,,,,,NO_MATCH
kühlschrank,15153,k hlschrank,whisk,0.34759625792503357,,,,,NO_MATCH
überwachungskameras in außenbereichen auf dem grundstück,15151,berwachungskameras in au enbereichen auf dem grundst ck,candelabra,0.33134958148002625,0.0,0.0,0.0,1.0,MANUAL_UTILITIES
grundausstattung zum kochen,15126,grundausstattung zum kochen,plant stand,0.27934178709983826,,,,,NO_MATCH
private sauna,14978,private sauna,lounge chair,0.3995506465435028,,,,,NO_MATCH
coffee maker: filter coffee maker,14903,coffee maker filter coffee maker,coffeetea canister,0.5285595059394836,80.0,80.0,80.0,1.0,MANUAL_KITCHEN_SMALL
bettwäsche,14732,bettw sche,semihard cheese,0.3529239594936371,,,,,NO_MATCH
waschmaschine,14704,waschmaschine,whisk,0.3770751655101776,,,,,NO_MATCH
clothes storage: wardrobe and chest of drawers,14574,clothes storage wardrobe and chest of drawers,storage combination with drawers,0.7133181691169739,549.99,365.0,769.99,13.0,MEDIUM
"clothing storage: walk-in closet, closet, and dresser",13935,clothing storage walk in closet closet and dresser,drawer dresser,0.5345684289932251,,,,,NO_MATCH
trockner,13777,trockner,kitchenette,0.453504741191864,,,,,NO_MATCH
mikrowelle,13587,mikrowelle,whisk,0.36637216806411743,,,,,NO_MATCH
bügeleisen,13544,b geleisen,bathrobe,0.3970673382282257,,,,,NO_MATCH
free parking garage on premises – 1 space,13158,free parking garage on premises 1 space,storage combination with doors,0.2822507917881012,0.0,0.0,0.0,1.0,MANUAL_UTILITIES
free washer,12887,free washer,washcloth,0.5770914554595947,800.0,800.0,800.0,1.0,MANUAL_APPLIANCES_LARGE
private outdoor kitchen,12620,private outdoor kitchen,outdoor kitchen,0.8825657367706299,687.0,370.0,819.0,4.0,HIGH
kostenloser parkplatz auf dem grundstück,12530,kostenloser parkplatz auf dem grundst ck,corner kitchen,0.2777104377746582,,,,,NO_MATCH
electric cooker,12434,electric cooker,induction cooktop,0.5342997312545776,,,,,NO_MATCH
standalone high chair – available upon request,12305,standalone high chair available upon request,high chair with tray,0.6113247275352478,120.0,120.0,120.0,1.0,MANUAL_WORKSPACE
"coffee maker: drip coffee maker, espresso machine",12122,coffee maker drip coffee maker espresso machine,coffeetea canister,0.4511543810367584,0.0,0.0,0.0,1.0,MANUAL_UTILITIES
canal view,12099,canal view,picture ledge,0.3988422751426697,,,,,NO_MATCH
hdtv with standard cable,12032,hdtv with standard cable,tv unit,0.4592144191265106,350.0,350.0,350.0,1.0,MANUAL_ELECTRONICS
crib – always at the listing,11996,crib always at the listing,crib,0.7364246249198914,299.0,129.0,349.0,11.0,MEDIUM
children’s bikes,11968,children s bikes,childrens table,0.4402555823326111,,,,,NO_MATCH
privater eingang,11640,privater eingang,privacy screen,0.33067288994789124,,,,,NO_MATCH
samsung refrigerator,11589,samsung refrigerator,refrigerator,0.7826634049415588,124.99,124.99,124.99,3.0,MEDIUM
crib - always at the listing,11489,crib always at the listing,crib,0.7364246249198914,299.0,129.0,349.0,11.0,MEDIUM
marina view,11420,marina view,picture ledge,0.3970918357372284,,,,,NO_MATCH
standalone high chair – always at the listing,11376,standalone high chair always at the listing,high chair with tray,0.5539560914039612,120.0,120.0,120.0,1.0,MANUAL_WORKSPACE
paid resort access,11221,paid resort access,chaise section,0.2669070065021515,0.0,0.0,0.0,1.0,MANUAL_UTILITIES
private gym in building,11135,private gym in building,bench with backrest,0.32946398854255676,,,,,NO_MATCH
table corner guards,11059,table corner guards,corner solution,0.5361343622207642,,,,,NO_MATCH
mini golf,11010,mini golf,soft toy,0.37222516536712646,,,,,NO_MATCH
"clothing storage: closet, wardrobe and dresser",10798,clothing storage closet wardrobe and dresser,drawer dresser,0.6485112905502319,,,,,NO_MATCH
esstisch,10748,esstisch,pitcher,0.3239729702472687,,,,,NO_MATCH
feuerlöscher,10703,feuerl scher,loveseat,0.3389614522457123,,,,,NO_MATCH
free parking on premises – 1 space,10664,free parking on premises 1 space,storage combination with doors,0.292431503534317,0.0,0.0,0.0,1.0,MANUAL_UTILITIES
"clothing storage: closet, wardrobe, and dresser",10605,clothing storage closet wardrobe and dresser,drawer dresser,0.6485111713409424,,,,,NO_MATCH
hdtv with netflix,10563,hdtv with netflix,tv storage combination,0.47285932302474976,350.0,350.0,350.0,1.0,MANUAL_ELECTRONICS
eigenständiger check-in,10396,eigenst ndiger check in,open shelf unit,0.16031791269779205,,,,,NO_MATCH
standalone high chair - available upon request,10390,standalone high chair available upon request,high chair with tray,0.611324667930603,120.0,120.0,120.0,1.0,MANUAL_WORKSPACE
dryer – in unit,10155,dryer in unit,drying rack,0.5365616083145142,800.0,800.0,800.0,1.0,MANUAL_APPLIANCES_LARGE
washer – in unit,10081,washer in unit,builtin dishwasher,0.5257288217544556,800.0,800.0,800.0,1.0,MANUAL_APPLIANCES_LARGE
dove body soap,10028,dove body soap,soap dispenser,0.46538689732551575,30.0,30.0,30.0,1.0,MANUAL_BATHROOM_BASIC
free residential garage on premises – 1 space,9923,free residential garage on premises 1 space,wall grid with storage,0.30942389369010925,0.0,0.0,0.0,1.0,MANUAL_UTILITIES
exterior or entryway security camera present,9916,exterior or entryway security camera present,privacy screen,0.38728517293930054,25.0,25.0,25.0,1.0,MANUAL_SAFETY
"coffee maker: drip coffee maker, nespresso",9909,coffee maker drip coffee maker nespresso,coffeetea canister,0.4788654148578644,80.0,80.0,80.0,1.0,MANUAL_KITCHEN_SMALL
life-size games,9890,life size games,gaming desk,0.3258458971977234,,,,,NO_MATCH
arbeitsplatz,9715,arbeitsplatz,rail,0.28319111466407776,,,,,NO_MATCH
movie theatre,9703,movie theatre,wardrobe,0.408326655626297,,,,,NO_MATCH
extrakissen und -decken,9667,extrakissen und decken,decking,0.4195556342601776,,,,,NO_MATCH
paid washer – in unit,9628,paid washer in unit,laundry combination,0.4917897582054138,800.0,800.0,800.0,1.0,MANUAL_APPLIANCES_LARGE
private back garden – not fully fenced,9595,private back garden not fully fenced,kitchen island w back panel,0.2573131024837494,0.0,0.0,0.0,1.0,MANUAL_UTILITIES
"private hot tub – available all year, open 24 hours",9542,private hot tub available all year open 24 hours,bath faucet,0.28110000491142273,,,,,NO_MATCH
gefrierschrank,9511,gefrierschrank,shoestorage cabinet,0.2746565639972687,,,,,NO_MATCH
wasserkocher,9492,wasserkocher,candelabra,0.40568292140960693,,,,,NO_MATCH
langzeitaufenthalte sind möglich,9420,langzeitaufenthalte sind m glich,artifi potted plant w pot,0.2509937882423401,,,,,NO_MATCH
weingläser,9377,weingl ser,whisk,0.31379184126853943,,,,,NO_MATCH
free residential garage on premises,9331,free residential garage on premises,cat house,0.30094456672668457,,,,,NO_MATCH
reinigungsprodukte,9274,reinigungsprodukte,bathrobe,0.2749141454696655,,,,,NO_MATCH
free parking garage on premises,9075,free parking garage on premises,panels for sliding door frame,0.23587942123413086,,,,,NO_MATCH
travel cot – available upon request,8986,travel cot available upon request,mesh storage box,0.29917338490486145,,,,,NO_MATCH
standalone high chair - always at the listing,8955,standalone high chair always at the listing,high chair with tray,0.5539560914039612,120.0,120.0,120.0,1.0,MANUAL_WORKSPACE
gas cooker,8924,gas cooker,gas cooktop,0.8154723048210144,599.0,399.0,849.0,4.0,HIGH
lg refrigerator,8758,lg refrigerator,refrigerator,0.7320238947868347,124.99,124.99,124.99,3.0,MEDIUM
ofen,8667,ofen,chaise,0.3641640841960907,,,,,NO_MATCH
erste-hilfe-set,8664,erste hilfe set,piece vehicle set,0.4352295696735382,,,,,NO_MATCH
baby bath – available upon request,8406,baby bath available upon request,bathrobe,0.553007185459137,120.0,120.0,120.0,1.0,MANUAL_FAMILY
"children’s books and toys for ages 0–2 years old, 2–5 years old, 5–10 years old and 10+ years old",8068,children s books and toys for ages 0 2 years old 2 5 years old 5 10 years old and 10 years old,childrens table,0.4481296241283417,,,,,NO_MATCH
vineyard view,8028,vineyard view,wine glass,0.48783403635025024,,,,,NO_MATCH
harbour view,8028,harbour view,picture ledge,0.3796203136444092,,,,,NO_MATCH
"private hot tub - available all year, open 24 hours",7983,private hot tub available all year open 24 hours,bath faucet,0.28110000491142273,,,,,NO_MATCH
golf course view,7981,golf course view,corner section,0.35979703068733215,,,,,NO_MATCH
ge­schirr­spül­ma­schi­ne,7980,ge schirr sp l ma schi ne,tumbler,0.2613028287887573,,,,,NO_MATCH
gartenmöbel,7910,gartenm bel,countertop,0.298183798789978,,,,,NO_MATCH
"coffee maker: drip coffee maker, french press",7891,coffee maker drip coffee maker french press,coffeetea canister,0.42587435245513916,80.0,80.0,80.0,1.0,MANUAL_KITCHEN_SMALL
movie theater,7867,movie theater,wardrobe,0.4192997217178345,,,,,NO_MATCH
desert view,7817,desert view,picture ledge,0.4068382680416107,,,,,NO_MATCH
harbor view,7765,harbor view,picture ledge,0.35917186737060547,,,,,NO_MATCH
essbereich im freien,7750,essbereich im freien,kitchenette,0.3030308783054352,,,,,NO_MATCH
free driveway parking on premises – 4 spaces,7712,free driveway parking on premises 4 spaces,storage combination with doors,0.31409239768981934,0.0,0.0,0.0,1.0,MANUAL_UTILITIES
sound system with bluetooth and aux,7705,sound system with bluetooth and aux,bluetooth speaker,0.6710909008979797,79.99,31.98,159.98,20.0,MEDIUM
abdunklung,7678,abdunklung,leg,0.4463801383972168,,,,,NO_MATCH
kaffeemaschine,7632,kaffeemaschine,coffeetea canister,0.3634430170059204,,,,,NO_MATCH
baby monitor,7550,baby monitor,monitor stand,0.5861453413963318,120.0,120.0,120.0,1.0,MANUAL_FAMILY
high chair – available upon request,7549,high chair available upon request,high chair with tray,0.6679763197898865,24.99,6.0,99.99,6.0,MEDIUM
free driveway parking on premises – 3 spaces,7549,free driveway parking on premises 3 spaces,storage combination with doors,0.3055712878704071,0.0,0.0,0.0,1.0,MANUAL_UTILITIES
stainless steel stove,7403,stainless steel stove,gas cooktop,0.5197494029998779,800.0,800.0,800.0,1.0,MANUAL_APPLIANCES_LARGE
standalone high chair,7322,standalone high chair,folding chair,0.6686393022537231,39.99,25.0,50.0,4.0,MEDIUM
clothing storage: walk-in closet and dresser,7303,clothing storage walk in closet and dresser,drawer dresser,0.5515366792678833,,,,,NO_MATCH
life size games,7250,life size games,gaming desk,0.3258458971977234,,,,,NO_MATCH
children’s books and toys for ages 0–2 years old and 2–5 years old,7111,children s books and toys for ages 0 2 years old and 2 5 years old,childrens table,0.43354618549346924,,,,,NO_MATCH
seife oder duschgel,7016,seife oder duschgel,semihard cheese,0.31792306900024414,,,,,NO_MATCH
stainless steel double oven,7014,stainless steel double oven,microwave oven,0.5981304049491882,800.0,800.0,800.0,1.0,MANUAL_APPLIANCES_LARGE
kostenlose parkplätze an der straße,6910,kostenlose parkpl tze an der stra e,plant stand,0.27476802468299866,,,,,NO_MATCH
wäscheständer für kleidung,6849,w schest nder f r kleidung,loveseat,0.3051679730415344,,,,,NO_MATCH
black-out blinds,6837,black out blinds,blackout pleated blind,0.6264722943305969,0.0,0.0,0.0,1.0,MANUAL_UTILITIES
paid pack ’n play/travel crib – available upon request,6771,paid pack n play travel crib available upon request,crib,0.5691295266151428,0.0,0.0,0.0,1.0,MANUAL_UTILITIES
paid crib – available upon request,6725,paid crib available upon request,crib,0.6253437995910645,120.0,120.0,120.0,1.0,MANUAL_FAMILY
duschgel,6720,duschgel,chaise,0.3579595386981964,,,,,NO_MATCH
baby bath - available upon request,6678,baby bath available upon request,bathrobe,0.553007185459137,120.0,120.0,120.0,1.0,MANUAL_FAMILY
herd,6643,herd,shoehorn,0.3937472403049469,,,,,NO_MATCH
ev charger – level 2,6577,ev charger level 2,wireless charger,0.44037243723869324,,,,,NO_MATCH
"children’s books and toys for ages 0-2 years old, 2-5 years old, 5-10 years old, and 10+ years old",6507,children s books and toys for ages 0 2 years old 2 5 years old 5 10 years old and 10 years old,childrens table,0.4481296241283417,,,,,NO_MATCH
kaffee,6440,kaffee,pouffe,0.42158302664756775,,,,,NO_MATCH
washer – in building,6358,washer in building,builtin dishwasher,0.5127646327018738,800.0,800.0,800.0,1.0,MANUAL_APPLIANCES_LARGE
privater innenhof oder balkon,6342,privater innenhof oder balkon,corner kitchen,0.27893203496932983,,,,,NO_MATCH
backblech,6257,backblech,bench with backrest,0.44738665223121643,0.0,0.0,0.0,1.0,MANUAL_UTILITIES
haustiere erlaubt,6205,haustiere erlaubt,pouffe,0.35671767592430115,,,,,NO_MATCH
"shared outdoor pool – available all year, open specific hours",6155,shared outdoor pool available all year open specific hours,outdoor kitchen,0.24043330550193787,,,,,NO_MATCH
paid crib - available upon request,6139,paid crib available upon request,crib,0.6253437995910645,120.0,120.0,120.0,1.0,MANUAL_FAMILY
outdoor kitchen with sink,6116,outdoor kitchen with sink,outdoor kitchen,0.7507502436637878,687.0,370.0,819.0,4.0,MEDIUM
other stove,6070,other stove,gas cooktop,0.6146317720413208,800.0,800.0,800.0,1.0,MANUAL_APPLIANCES_LARGE
tv with netflix,6067,tv with netflix,tv unit,0.5291609168052673,350.0,350.0,350.0,1.0,MANUAL_ELECTRONICS
paid parking lot on premises,6044,paid parking lot on premises,utility cart,0.2327752709388733,,,,,NO_MATCH
cot – available upon request,6011,cot available upon request,fitted sheet,0.31099164485931396,,,,,NO_MATCH
shared back garden – fully fenced,5997,shared back garden fully fenced,kitchen island w back panel,0.2929168939590454,0.0,0.0,0.0,1.0,MANUAL_UTILITIES
"coffee maker: nespresso, pour-over coffee",5962,coffee maker nespresso pour over coffee,coffeetea canister,0.4907552897930145,80.0,80.0,80.0,1.0,MANUAL_KITCHEN_SMALL
shared bbq grill: charcoal,5938,shared bbq grill charcoal,charcoal grill,0.7707534432411194,699.0,399.0,799.0,4.0,MEDIUM
grill,5935,grill,gas grill,0.8665919303894043,599.0,59.99,599.0,3.0,HIGH
paid pack ’n play/travel crib - available upon request,5913,paid pack n play travel crib available upon request,crib,0.5691295266151428,0.0,0.0,0.0,1.0,MANUAL_UTILITIES
high chair - available upon request,5881,high chair available upon request,high chair with tray,0.6679763197898865,24.99,6.0,99.99,6.0,MEDIUM
badewanne,5828,badewanne,gingerbread house,0.3582550287246704,,,,,NO_MATCH
exercise equipment: yoga mat,5752,exercise equipment yoga mat,place mat,0.5681728720664978,,,,,NO_MATCH
ski-in/ski-out – near ski lifts,5722,ski in ski out near ski lifts,suspension rail,0.24264883995056152,,,,,NO_MATCH
"clothing storage: walk-in closet, closet, wardrobe and dresser",5713,clothing storage walk in closet closet wardrobe and dresser,wardrobe with sliding doors,0.559422492980957,,,,,NO_MATCH
waste compactor,5709,waste compactor,recycling solution,0.5148140788078308,0.0,0.0,0.0,1.0,MANUAL_UTILITIES
plug socket covers,5685,plug socket covers,plug,0.5430821776390076,,,,,NO_MATCH
double oven,5683,double oven,microwave oven,0.672793447971344,69.99,69.99,199.0,6.0,MEDIUM
children’s books and toys for ages 0-2 years old and 2-5 years old,5668,children s books and toys for ages 0 2 years old and 2 5 years old,childrens table,0.43354618549346924,,,,,NO_MATCH
paid dryer – in unit,5625,paid dryer in unit,drying rack,0.4400809109210968,800.0,800.0,800.0,1.0,MANUAL_APPLIANCES_LARGE
free carport on premises – 1 space,5577,free carport on premises 1 space,storage combination with doors,0.34529027342796326,0.0,0.0,0.0,1.0,MANUAL_UTILITIES
gepäck kann abgestellt werden,5562,gep ck kann abgestellt werden,container,0.23776587843894958,,,,,NO_MATCH
private beach access – beachfront,5531,private beach access beachfront,corner kitchen,0.36956408619880676,0.0,0.0,0.0,1.0,MANUAL_UTILITIES
free parking on premises – 2 spaces,5375,free parking on premises 2 spaces,storage combination with doors,0.3305118978023529,0.0,0.0,0.0,1.0,MANUAL_UTILITIES
dryer – in building,5375,dryer in building,drying rack,0.5517279505729675,800.0,800.0,800.0,1.0,MANUAL_APPLIANCES_LARGE
shared outdoor pool,5304,shared outdoor pool,outdoor kitchen,0.3191637098789215,,,,,NO_MATCH
sound system with aux,5297,sound system with aux,portable bluetooth speaker,0.448390930891037,350.0,350.0,350.0,1.0,MANUAL_ELECTRONICS
"exercise equipment: free weights, yoga mat",5292,exercise equipment free weights yoga mat,place mat,0.4621308445930481,,,,,NO_MATCH
induction cooker,5286,induction cooker,induction cooktop,0.8215281367301941,799.0,599.0,899.0,4.0,HIGH
"shared outdoor pool - available all year, open specific hours",5197,shared outdoor pool available all year open specific hours,outdoor kitchen,0.24043330550193787,,,,,NO_MATCH
"clothing storage: walk-in closet, closet, wardrobe, and dresser",5171,clothing storage walk in closet closet wardrobe and dresser,wardrobe with sliding doors,0.559422492980957,,,,,NO_MATCH
folding or convertible high chair – available upon request,5157,folding or convertible high chair available upon request,folding chair,0.7934032082557678,39.99,25.0,50.0,4.0,MEDIUM
ev charger - level 2,5149,ev charger level 2,wireless charger,0.4403724670410156,,,,,NO_MATCH
"coffee maker: drip coffee maker, pour-over coffee",5140,coffee maker drip coffee maker pour over coffee,coffeetea canister,0.46338358521461487,80.0,80.0,80.0,1.0,MANUAL_KITCHEN_SMALL
"children’s books and toys for ages 0–2 years old, 2–5 years old and 5–10 years old",5087,children s books and toys for ages 0 2 years old 2 5 years old and 5 10 years old,childrens table,0.43793946504592896,,,,,NO_MATCH
32-inch hdtv,5082,32 inch hdtv,tv unit,0.5437917113304138,350.0,350.0,350.0,1.0,MANUAL_ELECTRONICS
private beach access,5044,private beach access,privacy screen,0.3858701288700104,0.0,0.0,0.0,1.0,MANUAL_UTILITIES
folding or convertible high chair – always at the listing,5038,folding or convertible high chair always at the listing,folding chair,0.7278425693511963,39.99,25.0,50.0,4.0,MEDIUM
55-inch hdtv,5013,55 inch hdtv,tv unit,0.5311018228530884,350.0,350.0,350.0,1.0,MANUAL_ELECTRONICS
whirlpool refrigerator,4997,whirlpool refrigerator,refrigerator,0.6613661050796509,124.99,124.99,124.99,3.0,MEDIUM
travel cot – always at the listing,4991,travel cot always at the listing,daybed with drawers mattresses,0.3344097435474396,,,,,NO_MATCH
schlüsselbox,4883,schl sselbox,box,0.49789759516716003,,,,,NO_MATCH
shared outdoor kitchen,4806,shared outdoor kitchen,outdoor kitchen,0.8603211641311646,687.0,370.0,819.0,4.0,HIGH
32 inch hdtv,4751,32 inch hdtv,tv unit,0.5437917113304138,350.0,350.0,350.0,1.0,MANUAL_ELECTRONICS
hdtv with roku,4742,hdtv with roku,tv unit,0.4689160883426666,350.0,350.0,350.0,1.0,MANUAL_ELECTRONICS
shared bbq grill: gas,4681,shared bbq grill gas,gas grill,0.690574049949646,599.0,59.99,599.0,3.0,MEDIUM
paid washer,4665,paid washer,laundry combination,0.572702169418335,800.0,800.0,800.0,1.0,MANUAL_APPLIANCES_LARGE
private back garden,4619,private back garden,kitchen island w back panel,0.4361583888530731,0.0,0.0,0.0,1.0,MANUAL_UTILITIES
children’s books and toys for ages 2–5 years old,4597,children s books and toys for ages 2 5 years old,childrens table,0.4268624186515808,,,,,NO_MATCH
shared back garden – not fully fenced,4568,shared back garden not fully fenced,hanging planter,0.26064780354499817,0.0,0.0,0.0,1.0,MANUAL_UTILITIES
tv with roku,4555,tv with roku,tv unit,0.5266690850257874,350.0,350.0,350.0,1.0,MANUAL_ELECTRONICS
"shared outdoor pool – available seasonally, open specific hours",4553,shared outdoor pool available seasonally open specific hours,outdoor kitchen,0.25728529691696167,,,,,NO_MATCH
free residential garage on premises – 2 spaces,4523,free residential garage on premises 2 spaces,storage combination with doors,0.3320746421813965,0.0,0.0,0.0,1.0,MANUAL_UTILITIES
ge refrigerator,4519,ge refrigerator,refrigerator,0.7319558262825012,124.99,124.99,124.99,3.0,MEDIUM
folding or convertible high chair - available upon request,4346,folding or convertible high chair available upon request,folding chair,0.7934032082557678,39.99,25.0,50.0,4.0,MEDIUM
bücher und lesematerial,4343,b cher und lesematerial,chaise section,0.35881778597831726,,,,,NO_MATCH
tv with dvd player,4322,tv with dvd player,tv unit,0.560727059841156,350.0,350.0,350.0,1.0,MANUAL_ELECTRONICS
"private outdoor pool – available all year, open 24 hours",4314,private outdoor pool available all year open 24 hours,outdoor kitchen,0.2443985790014267,,,,,NO_MATCH
children’s books and toys for ages 2–5 years old and 5–10 years old,4260,children s books and toys for ages 2 5 years old and 5 10 years old,childrens table,0.43141576647758484,,,,,NO_MATCH
other stainless steel gas stove,4242,other stainless steel gas stove,gas cooktop,0.6419293284416199,800.0,800.0,800.0,1.0,MANUAL_APPLIANCES_LARGE
shared gym,4235,shared gym,bench,0.3617211580276489,,,,,NO_MATCH
key safe,4228,key safe,knife,0.4051894545555115,,,,,NO_MATCH
begrüßung durch gastgeber,4195,begr ung durch gastgeber,gas grill,0.3274017870426178,,,,,NO_MATCH
mixer,4185,mixer,mixing bowl,0.6551178097724915,1.49,1.49,8.99,3.0,MEDIUM
"coffee maker: espresso machine, nespresso",4159,coffee maker espresso machine nespresso,coffeetea canister,0.4675189256668091,0.0,0.0,0.0,1.0,MANUAL_UTILITIES
baby bath – always at the listing,4152,baby bath always at the listing,bathrobe,0.5594180822372437,120.0,120.0,120.0,1.0,MANUAL_FAMILY
"children’s books and toys for ages 0-2 years old, 2-5 years old, and 5-10 years old",4085,children s books and toys for ages 0 2 years old 2 5 years old and 5 10 years old,childrens table,0.43793946504592896,,,,,NO_MATCH
paid parking garage on premises,4081,paid parking garage on premises,outdoor kitchen,0.19584956765174866,,,,,NO_MATCH
waschmaschine – in der unterkunft: kostenlos,4053,waschmaschine in der unterkunft kostenlos,gingerbread trees,0.23936022818088531,,,,,NO_MATCH
"shared hot tub – available all year, open specific hours",4053,shared hot tub available all year open specific hours,bathshower set thermostatic faucet,0.2622606158256531,,,,,NO_MATCH
grillbesteck,4028,grillbesteck,gas grill,0.7035765051841736,599.0,59.99,599.0,3.0,MEDIUM
game console: ps4,4001,game console ps4,console table,0.6067657470703125,,,,,NO_MATCH
55 inch hdtv,3997,55 inch hdtv,tv unit,0.5311018228530884,350.0,350.0,350.0,1.0,MANUAL_ELECTRONICS
"children’s books and toys for ages 2–5 years old, 5–10 years old and 10+ years old",3995,children s books and toys for ages 2 5 years old 5 10 years old and 10 years old,childrens table,0.4331473410129547,,,,,NO_MATCH
folding or convertible high chair - always at the listing,3963,folding or convertible high chair always at the listing,folding chair,0.7278425693511963,39.99,25.0,50.0,4.0,MEDIUM
waschsalon in der nähe,3936,waschsalon in der n he,candelabra,0.33090025186538696,,,,,NO_MATCH
sonos bluetooth sound system,3893,sonos bluetooth sound system,bluetooth speaker,0.615607738494873,350.0,350.0,350.0,1.0,MANUAL_ELECTRONICS
dove shampoo,3808,dove shampoo,ginger thins,0.42823928594589233,30.0,30.0,30.0,1.0,MANUAL_BATHROOM_BASIC
ge electric stove,3801,ge electric stove,gas cooktop,0.5240898728370667,800.0,800.0,800.0,1.0,MANUAL_APPLIANCES_LARGE
stainless steel induction stove,3771,stainless steel induction stove,induction cooktop,0.7177503108978271,799.0,599.0,899.0,4.0,MEDIUM
"private outdoor pool - available all year, open 24 hours",3741,private outdoor pool available all year open 24 hours,outdoor kitchen,0.2443985790014267,,,,,NO_MATCH
50-inch hdtv,3715,50 inch hdtv,tv unit,0.5352885127067566,350.0,350.0,350.0,1.0,MANUAL_ELECTRONICS
children’s books and toys for ages 2-5 years old,3701,children s books and toys for ages 2 5 years old,childrens table,0.4268624186515808,,,,,NO_MATCH
"bbq grill: charcoal, wood-burning",3681,bbq grill charcoal wood burning,charcoal grill,0.7201892733573914,699.0,399.0,799.0,4.0,MEDIUM
"shared outdoor pool - available seasonally, open specific hours",3679,shared outdoor pool available seasonally open specific hours,outdoor kitchen,0.25728529691696167,,,,,NO_MATCH
paid parking garage on premises – 1 space,3640,paid parking garage on premises 1 space,storage combination with doors,0.25953230261802673,0.0,0.0,0.0,1.0,MANUAL_UTILITIES
paid parking lot on premises – 1 space,3633,paid parking lot on premises 1 space,storage combination with doors,0.3040964603424072,0.0,0.0,0.0,1.0,MANUAL_UTILITIES
unterkunft auf nur einer ebene,3633,unterkunft auf nur einer ebene,umbrella,0.2254999577999115,,,,,NO_MATCH
gym in building,3612,gym in building,bench,0.35700443387031555,,,,,NO_MATCH
free washing machine – in unit,3610,free washing machine in unit,washing bag,0.48908907175064087,0.0,0.0,0.0,1.0,MANUAL_UTILITIES
private outdoor pool,3587,private outdoor pool,outdoor kitchen,0.3447399139404297,,,,,NO_MATCH
zentralheizung,3583,zentralheizung,candelabra,0.3206014633178711,,,,,NO_MATCH
free carport on premises,3561,free carport on premises,outdoor kitchen,0.27154603600502014,,,,,NO_MATCH
bosch refrigerator,3535,bosch refrigerator,refrigerator,0.7310994267463684,124.99,124.99,124.99,3.0,MEDIUM
climbing wall,3530,climbing wall,wall decoration,0.5601123571395874,,,,,NO_MATCH
tragbare ventilatoren,3529,tragbare ventilatoren,air purifier,0.42700716853141785,,,,,NO_MATCH
deckenventilator,3517,deckenventilator,decking,0.6903231739997864,34.99,17.99,54.99,3.0,MEDIUM
aufzug,3487,aufzug,finials,0.43225330114364624,,,,,NO_MATCH
children’s books and toys for ages 2-5 years old and 5-10 years old,3465,children s books and toys for ages 2 5 years old and 5 10 years old,childrens table,0.43141576647758484,,,,,NO_MATCH
terrasse oder balkon,3462,terrasse oder balkon,chaise,0.30616462230682373,,,,,NO_MATCH
"shared hot tub - available all year, open specific hours",3430,shared hot tub available all year open specific hours,bathshower set thermostatic faucet,0.2622606158256531,,,,,NO_MATCH
brettspiele,3393,brettspiele,pitcher,0.4360019564628601,,,,,NO_MATCH
indoor fireplace: pellet stove,3369,indoor fireplace pellet stove,charcoal grill,0.38554811477661133,0.0,0.0,0.0,1.0,MANUAL_UTILITIES
dove conditioner,3362,dove conditioner,air purifier,0.32481849193573,30.0,30.0,30.0,1.0,MANUAL_BATHROOM_BASIC
changing table – always at the listing,3353,changing table always at the listing,changing table,0.7603105306625366,164.0,39.0,589.0,14.0,MEDIUM
hinterhof/garten,3303,hinterhof garten,flour sifter,0.3332493007183075,,,,,NO_MATCH
clothes storage: chest of drawers,3285,clothes storage chest of drawers,storage combination with drawers,0.7544636130332947,549.99,365.0,769.99,13.0,MEDIUM
shared pool – available all year,3281,shared pool available all year,clipon basket,0.21345464885234833,,,,,NO_MATCH
paid car park off premises,3279,paid car park off premises,utility cart,0.2468123733997345,,,,,NO_MATCH
ge stainless steel electric stove,3272,ge stainless steel electric stove,gas cooktop,0.4674685001373291,800.0,800.0,800.0,1.0,MANUAL_APPLIANCES_LARGE
aufbewahrung von kleidung,3246,aufbewahrung von kleidung,plate,0.20347867906093597,,,,,NO_MATCH
clothing storage: walk-in closet and wardrobe,3238,clothing storage walk in closet and wardrobe,wardrobe,0.5635882616043091,,,,,NO_MATCH
stainless steel gas cooker,3167,stainless steel gas cooker,gas cooktop,0.6885232925415039,599.0,399.0,849.0,4.0,MEDIUM
"children’s books and toys for ages 2-5 years old, 5-10 years old, and 10+ years old",3166,children s books and toys for ages 2 5 years old 5 10 years old and 10 years old,childrens table,0.4331473410129547,,,,,NO_MATCH
children’s playroom,3159,children s playroom,childrens table,0.6077495217323303,,,,,NO_MATCH
baby bath - always at the listing,3145,baby bath always at the listing,bathrobe,0.5594180822372437,120.0,120.0,120.0,1.0,MANUAL_FAMILY
paid dryer,3123,paid dryer,drying rack,0.49650856852531433,800.0,800.0,800.0,1.0,MANUAL_APPLIANCES_LARGE
"private bbq grill: charcoal, wood-burning",3113,private bbq grill charcoal wood burning,charcoal grill,0.6855693459510803,699.0,399.0,799.0,4.0,MEDIUM
"coffee maker: espresso machine, pour-over coffee",3110,coffee maker espresso machine pour over coffee,coffeetea canister,0.48616233468055725,0.0,0.0,0.0,1.0,MANUAL_UTILITIES
bowling alley,3090,bowling alley,bowl,0.6093275547027588,,,,,NO_MATCH
free parking garage on premises – 2 spaces,3086,free parking garage on premises 2 spaces,storage combination with doors,0.3234511613845825,0.0,0.0,0.0,1.0,MANUAL_UTILITIES
50 inch hdtv,3026,50 inch hdtv,tv unit,0.5352885127067566,350.0,350.0,350.0,1.0,MANUAL_ELECTRONICS
private hot tub – available all year,2998,private hot tub available all year,bath faucet,0.350487619638443,,,,,NO_MATCH
"shared outdoor pool – available all year, open specific hours, heated",2981,shared outdoor pool available all year open specific hours heated,greenhouse,0.25744369626045227,,,,,NO_MATCH
pantene shampoo,2975,pantene shampoo,bath sheet,0.37490230798721313,30.0,30.0,30.0,1.0,MANUAL_BATHROOM_BASIC
"clothes storage: walk-in wardrobe, wardrobe and chest of drawers",2973,clothes storage walk in wardrobe wardrobe and chest of drawers,storage combination with drawers,0.660530686378479,549.99,365.0,769.99,13.0,MEDIUM
changing table – available upon request,2970,changing table available upon request,changing table,0.7402884364128113,164.0,39.0,589.0,14.0,MEDIUM
housekeeping available every day - available at extra cost,2961,housekeeping available every day available at extra cost,outdoor kitchen,0.34014737606048584,,,,,NO_MATCH
"coffee maker: french press, nespresso",2946,coffee maker french press nespresso,coffeetea canister,0.45712554454803467,80.0,80.0,80.0,1.0,MANUAL_KITCHEN_SMALL
32 inch hdtv with standard cable,2921,32 inch hdtv with standard cable,tv unit,0.43562203645706177,350.0,350.0,350.0,1.0,MANUAL_ELECTRONICS
clothes storage: walk-in wardrobe,2908,clothes storage walk in wardrobe,wardrobe,0.602556049823761,40.0,40.0,40.0,1.0,MANUAL_BEDROOM_BASIC
bbq grill: electric,2853,bbq grill electric,charcoal grill,0.7222976684570312,699.0,399.0,799.0,4.0,MEDIUM
aufbewahrung von kleidung: einbauschrank,2845,aufbewahrung von kleidung einbauschrank,hanging umbrella with base,0.1847793459892273,,,,,NO_MATCH
hdtv with premium cable,2830,hdtv with premium cable,tv unit,0.42387673258781433,350.0,350.0,350.0,1.0,MANUAL_ELECTRONICS
trockner – in der unterkunft: kostenlos,2774,trockner in der unterkunft kostenlos,kitchenette,0.29621171951293945,,,,,NO_MATCH
babybett,2758,babybett,loveseat,0.44257083535194397,120.0,120.0,120.0,1.0,MANUAL_FAMILY
free carport on premises – 2 spaces,2751,free carport on premises 2 spaces,storage combination with doors,0.3754776418209076,0.0,0.0,0.0,1.0,MANUAL_UTILITIES
sonos sound system,2733,sonos sound system,sonos speaker lamp,0.6220211982727051,350.0,350.0,350.0,1.0,MANUAL_ELECTRONICS
pantene conditioner,2731,pantene conditioner,frying pan,0.421730637550354,30.0,30.0,30.0,1.0,MANUAL_BATHROOM_BASIC
stainless steel electric cooker,2725,stainless steel electric cooker,induction cooktop,0.5237138271331787,,,,,NO_MATCH
ethernet-verbindung,2719,ethernet verbindung,piece cable management set,0.3234723210334778,,,,,NO_MATCH
43-inch hdtv,2686,43 inch hdtv,tv unit,0.5266594886779785,350.0,350.0,350.0,1.0,MANUAL_ELECTRONICS
games console,2685,games console,console table,0.6756595373153687,129.99,129.99,299.99,3.0,MEDIUM
"coffee maker: keurig coffee machine, pour-over coffee",2663,coffee maker keurig coffee machine pour over coffee,coffeetea canister,0.48191651701927185,0.0,0.0,0.0,1.0,MANUAL_UTILITIES
shared pool - available all year,2649,shared pool available all year,clipon basket,0.21345464885234833,,,,,NO_MATCH
clothes storage: wardrobe and wardrobe,2637,clothes storage wardrobe and wardrobe,wardrobe,0.7402637600898743,349.99,199.99,549.99,14.0,MEDIUM
free driveway parking on premises – 6 spaces,2590,free driveway parking on premises 6 spaces,storage combination with doors,0.3017958998680115,0.0,0.0,0.0,1.0,MANUAL_UTILITIES
strandzugang – am strand,2586,strandzugang am strand,pasta,0.31232818961143494,,,,,NO_MATCH
cot – always at the listing,2570,cot always at the listing,fitted sheet,0.37463074922561646,,,,,NO_MATCH
65-inch hdtv,2555,65 inch hdtv,tv unit,0.5267412066459656,350.0,350.0,350.0,1.0,MANUAL_ELECTRONICS
folding or convertible high chair,2548,folding or convertible high chair,folding chair,0.8105233311653137,39.99,25.0,50.0,4.0,HIGH
private hot tub - available all year,2529,private hot tub available all year,bath faucet,0.350487619638443,,,,,NO_MATCH
backyard – fully fenced,2510,backyard fully fenced,hanging decoration,0.3627534806728363,0.0,0.0,0.0,1.0,MANUAL_UTILITIES
reinigung während des aufenthalts möglich,2500,reinigung w hrend des aufenthalts m glich,oven mitt,0.23828603327274323,,,,,NO_MATCH
"clothes storage: wardrobe, wardrobe and chest of drawers",2496,clothes storage wardrobe wardrobe and chest of drawers,storage combination with drawers,0.7161012887954712,549.99,365.0,769.99,13.0,MEDIUM
codeschloss,2488,codeschloss,box,0.3042694330215454,,,,,NO_MATCH
55-inch hdtv with netflix,2481,55 inch hdtv with netflix,tv storage combination,0.4321366548538208,350.0,350.0,350.0,1.0,MANUAL_ELECTRONICS
"coffee maker: drip coffee maker, french press, keurig coffee machine",2475,coffee maker drip coffee maker french press keurig coffee machine,coffeetea canister,0.4570797383785248,0.0,0.0,0.0,1.0,MANUAL_UTILITIES
"coffee maker: espresso machine, french press",2474,coffee maker espresso machine french press,coffeetea canister,0.4127318263053894,0.0,0.0,0.0,1.0,MANUAL_UTILITIES
"shared outdoor pool - available all year, open specific hours, heated",2458,shared outdoor pool available all year open specific hours heated,greenhouse,0.25744369626045227,,,,,NO_MATCH
"coffee maker: filter coffee maker, keurig coffee machine",2444,coffee maker filter coffee maker keurig coffee machine,coffeetea canister,0.47344374656677246,0.0,0.0,0.0,1.0,MANUAL_UTILITIES
children’s books and toys for ages 5–10 years old,2443,children s books and toys for ages 5 10 years old,childrens table,0.43673330545425415,,,,,NO_MATCH
samsung  refrigerator,2426,samsung refrigerator,refrigerator,0.7826634049415588,124.99,124.99,124.99,3.0,MEDIUM
exercise equipment: free weights,2422,exercise equipment free weights,hanger with grip clips,0.30600008368492126,,,,,NO_MATCH
blick in den garten,2419,blick in den garten,chaise section,0.28291425108909607,,,,,NO_MATCH
private bbq grill: electric,2415,private bbq grill electric,charcoal grill,0.647519588470459,250.0,250.0,250.0,1.0,MANUAL_OUTDOOR
feuerstelle,2415,feuerstelle,chaise,0.31207048892974854,,,,,NO_MATCH
tv with chromecast,2403,tv with chromecast,tv unit,0.4448471665382385,350.0,350.0,350.0,1.0,MANUAL_ELECTRONICS
zentrale klimaanlage,2396,zentrale klimaanlage,artifi potted plant w pot,0.29315221309661865,,,,,NO_MATCH
frigidaire refrigerator,2388,frigidaire refrigerator,refrigerator,0.7697147130966187,124.99,124.99,124.99,3.0,MEDIUM
32-inch tv,2382,32 inch tv,tv unit,0.5674063563346863,350.0,350.0,350.0,1.0,MANUAL_ELECTRONICS
changing table - always at the listing,2381,changing table always at the listing,changing table,0.7603105306625366,164.0,39.0,589.0,14.0,MEDIUM
hochstuhl,2351,hochstuhl,whisk,0.3861524164676666,,,,,NO_MATCH
beko refrigerator,2348,beko refrigerator,refrigerator,0.6741854548454285,124.99,124.99,124.99,3.0,MEDIUM
free driveway parking on premises – 5 spaces,2341,free driveway parking on premises 5 spaces,storage combination with doors,0.31201860308647156,0.0,0.0,0.0,1.0,MANUAL_UTILITIES
minikühlschrank,2331,minik hlschrank,whisk,0.3836093842983246,,,,,NO_MATCH
40-inch hdtv,2326,40 inch hdtv,tv unit,0.5451948046684265,350.0,350.0,350.0,1.0,MANUAL_ELECTRONICS
reisebett für kinder,2310,reisebett f r kinder,loveseat,0.3383099138736725,,,,,NO_MATCH
43 inch hdtv,2292,43 inch hdtv,tv unit,0.5266594886779785,350.0,350.0,350.0,1.0,MANUAL_ELECTRONICS
"private outdoor pool – available all year, open 24 hours, heated",2291,private outdoor pool available all year open 24 hours heated,greenhouse,0.3010249733924866,,,,,NO_MATCH
ev charger – level 1,2279,ev charger level 1,wireless charger,0.43591779470443726,,,,,NO_MATCH
changing table - available upon request,2272,changing table available upon request,changing table,0.7402884364128113,164.0,39.0,589.0,14.0,MEDIUM
42-inch hdtv,2265,42 inch hdtv,tv unit,0.5583881735801697,350.0,350.0,350.0,1.0,MANUAL_ELECTRONICS
55-inch hdtv with roku,2264,55 inch hdtv with roku,tv unit,0.41851070523262024,350.0,350.0,350.0,1.0,MANUAL_ELECTRONICS
bose bluetooth sound system,2264,bose bluetooth sound system,bluetooth speaker,0.7147080898284912,79.99,31.98,159.98,20.0,MEDIUM
ge stainless steel gas stove,2255,ge stainless steel gas stove,gas cooktop,0.6047055721282959,800.0,800.0,800.0,1.0,MANUAL_APPLIANCES_LARGE
pack ’n play/travel cot,2254,pack n play travel cot,backpack,0.4737042486667633,0.0,0.0,0.0,1.0,MANUAL_UTILITIES
samsung stainless steel electric stove,2249,samsung stainless steel electric stove,microwave oven,0.4462997317314148,800.0,800.0,800.0,1.0,MANUAL_APPLIANCES_LARGE
backyard - fully fenced,2245,backyard fully fenced,hanging decoration,0.3627534806728363,0.0,0.0,0.0,1.0,MANUAL_UTILITIES
shared bbq grill,2234,shared bbq grill,charcoal grill,0.6430953145027161,250.0,250.0,250.0,1.0,MANUAL_OUTDOOR
55 inch hdtv with netflix,2220,55 inch hdtv with netflix,tv storage combination,0.4321366548538208,350.0,350.0,350.0,1.0,MANUAL_ELECTRONICS
skate ramp,2216,skate ramp,plant stand on wheels,0.411648690700531,,,,,NO_MATCH
children’s books and toys for ages 5–10 years old and 10+ years old,2210,children s books and toys for ages 5 10 years old and 10 years old,childrens table,0.43903639912605286,,,,,NO_MATCH
clothes storage: walk-in wardrobe and wardrobe,2204,clothes storage walk in wardrobe and wardrobe,wardrobe,0.6516880989074707,349.99,199.99,549.99,14.0,MEDIUM
"coffee maker: french press, keurig coffee machine",2197,coffee maker french press keurig coffee machine,coffeetea canister,0.45079395174980164,0.0,0.0,0.0,1.0,MANUAL_UTILITIES
paid standalone high chair – available upon request,2193,paid standalone high chair available upon request,chair,0.5316329598426819,120.0,120.0,120.0,1.0,MANUAL_WORKSPACE
privater garten – komplett umzäunt,2186,privater garten komplett umz unt,privacy screen,0.2922336757183075,,,,,NO_MATCH
kamin,2185,kamin,sauce for salmon,0.43063458800315857,,,,,NO_MATCH
liegestühle,2172,liegest hle,oven mitt,0.3634912669658661,,,,,NO_MATCH
whirlpool stainless steel electric stove,2159,whirlpool stainless steel electric stove,induction cooktop,0.4902384877204895,800.0,800.0,800.0,1.0,MANUAL_APPLIANCES_LARGE
32 inch tv,2140,32 inch tv,tv unit,0.5674063563346863,350.0,350.0,350.0,1.0,MANUAL_ELECTRONICS
highchair,2132,highchair,high cabinet,0.5009328722953796,120.0,120.0,120.0,1.0,MANUAL_WORKSPACE
am wasser,2121,am wasser,handle,0.27676302194595337,,,,,NO_MATCH
children’s books and toys for ages 0–2 years old,2121,children s books and toys for ages 0 2 years old,childrens table,0.42983412742614746,,,,,NO_MATCH
shared back garden,2104,shared back garden,kitchen island w back panel,0.4342052936553955,0.0,0.0,0.0,1.0,MANUAL_UTILITIES
electrolux refrigerator,2102,electrolux refrigerator,refrigerator,0.7027959227561951,124.99,124.99,124.99,3.0,MEDIUM
whirlpool electric stove,2094,whirlpool electric stove,induction cooktop,0.4918252229690552,800.0,800.0,800.0,1.0,MANUAL_APPLIANCES_LARGE
paid high chair – available upon request,2091,paid high chair available upon request,chair,0.5316478610038757,120.0,120.0,120.0,1.0,MANUAL_WORKSPACE
rauchen erlaubt,2082,rauchen erlaubt,chaise,0.3017355799674988,,,,,NO_MATCH
blick auf die berge,2075,blick auf die berge,pasta,0.30237051844596863,,,,,NO_MATCH
40 inch hdtv,2065,40 inch hdtv,tv unit,0.5451948046684265,350.0,350.0,350.0,1.0,MANUAL_ELECTRONICS
32-inch hdtv with standard cable,2051,32 inch hdtv with standard cable,tv unit,0.43562203645706177,350.0,350.0,350.0,1.0,MANUAL_ELECTRONICS
samsung stainless steel oven,2031,samsung stainless steel oven,microwave oven,0.6642299890518188,69.99,69.99,199.0,6.0,MEDIUM
exercise equipment: stationary bike,2030,exercise equipment stationary bike,armrest,0.4295017719268799,,,,,NO_MATCH
42 inch hdtv,2023,42 inch hdtv,tv unit,0.5583881735801697,350.0,350.0,350.0,1.0,MANUAL_ELECTRONICS
game console: nintendo wii,2020,game console nintendo wii,console table,0.5794149041175842,,,,,NO_MATCH
"private outdoor pool - available all year, open 24 hours, heated",2018,private outdoor pool available all year open 24 hours heated,greenhouse,0.3010249733924866,,,,,NO_MATCH
"housekeeping available 24 hours, every day - available at extra cost",2006,housekeeping available 24 hours every day available at extra cost,outdoor kitchen,0.30119162797927856,,,,,NO_MATCH
